{
  "multimodal_occupancy": {
    "taxi": {
      "1": 1.0752688172043011e-4,
      "2": 0.0033333333333333335,
      "3": 0.005057471264367816,
      "4": 0.006666666666666667,
      "5": 0.0067777777777777775,
      "6": 0.010888888888888889,
      "7": 0.013333333333333334,
      "8": 0.01611111111111111,
      "9": 0.02711111111111111,
      "10": 0.036,
      "11": 0.04677777777777778,
      "12": 0.052333333333333336,
      "13": 0.07233333333333333,
      "14": 0.08533333333333333,
      "15": 0.10022222222222223,
      "16": 0.11177777777777778,
      "17": 0.11511111111111111,
      "18": 0.12544444444444444,
      "19": 0.125,
      "20": 0.13177777777777777,
      "21": 0.14544444444444443,
      "22": 0.16366666666666665,
      "23": 0.171,
      "24": 0.18833333333333332,
      "25": 0.2060919540229885
    },
    "bus": {
      "1": 1,
      "2": 1,
      "3": 1,
      "4": 1,
      "5": 1,
      "6": 1,
      "7": 1,
      "8": 1,
      "9": 1,
      "10": 1,
      "11": 1,
      "12": 1,
      "13": 1,
      "14": 1,
      "15": 1,
      "16": 1,
      "17": 1,
      "18": 1,
      "19": 1,
      "20": 1,
      "21": 1,
      "22": 1,
      "23": 1,
      "24": 1,
      "25": 1
    },
    "metro": {
      "1": 1,
      "2": 1,
      "3": 1,
      "4": 1,
      "5": 1,
      "6": 1,
      "7": 1,
      "8": 1,
      "9": 1,
      "10": 1,
      "11": 1,
      "12": 1,
      "13": 1,
      "14": 1,
      "15": 1,
      "16": 1,
      "17": 1,
      "18": 1,
      "19": 1,
      "20": 1,
      "21": 1,
      "22": 1,
      "23": 1,
      "24": 1,
      "25": 1
    }
  },
  "passenger_mode_choice": {
    "taxi": {
      "1": 22579,
      "2": 671,
      "3": 21133,
      "4": 21390,
      "5": 21459,
      "6": 21483,
      "7": 21761,
      "8": 21844,
      "9": 21795,
      "10": 21793,
      "11": 21653,
      "12": 21790,
      "13": 21534,
      "14": 21877,
      "15": 21735,
      "16": 21815,
      "17": 21576,
      "18": 21634,
      "19": 21775,
      "20": 21948,
      "21": 21911,
      "22": 21642,
      "23": 21751,
      "24": 21880,
      "25": 21014
    },
    "bus": {
      "1": 3100,
      "2": 100,
      "3": 2900,
      "4": 3000,
      "5": 3000,
      "6": 3000,
      "7": 3000,
      "8": 3000,
      "9": 3000,
      "10": 3000,
      "11": 3000,
      "12": 3000,
      "13": 3000,
      "14": 3000,
      "15": 3000,
      "16": 3000,
      "17": 3000,
      "18": 3000,
      "19": 3000,
      "20": 3000,
      "21": 3000,
      "22": 3000,
      "23": 3000,
      "24": 3000,
      "25": 2900
    },
    "metro": {
      "1": 12,
      "2": 0,
      "3": 4,
      "4": 3,
      "5": 12,
      "6": 7,
      "7": 9,
      "8": 6,
      "9": 4,
      "10": 6,
      "11": 6,
      "12": 11,
      "13": 5,
      "14": 6,
      "15": 11,
      "16": 8,
      "17": 7,
      "18": 7,
      "19": 6,
      "20": 7,
      "21": 9,
      "22": 7,
      "23": 6,
      "24": 7,
      "25": 4
    },
    "private_car": {
      "1": 12,
      "2": 1,
      "3": 15,
      "4": 10,
      "5": 11,
      "6": 8,
      "7": 11,
      "8": 7,
      "9": 11,
      "10": 13,
      "11": 12,
      "12": 6,
      "13": 8,
      "14": 13,
      "15": 15,
      "16": 12,
      "17": 11,
      "18": 10,
      "19": 13,
      "20": 10,
      "21": 12,
      "22": 9,
      "23": 14,
      "24": 8,
      "25": 13
    }
  },
  "transit_station_crowdedness": {
    "metro": {
      "1": 31,
      "2": 32,
      "3": 62,
      "4": 91,
      "5": 121,
      "6": 149,
      "7": 179,
      "8": 207,
      "9": 236,
      "10": 264,
      "11": 292,
      "12": 320,
      "13": 347,
      "14": 374,
      "15": 402,
      "16": 429,
      "17": 456,
      "18": 483,
      "19": 510,
      "20": 537,
      "21": 564,
      "22": 590,
      "23": 618,
      "24": 644,
      "25": 671
    },
    "bus": {
      "1": 10,
      "2": 11,
      "3": 20,
      "4": 30,
      "5": 40,
      "6": 50,
      "7": 55,
      "8": 65,
      "9": 74,
      "10": 84,
      "11": 93,
      "12": 103,
      "13": 112,
      "14": 117,
      "15": 126,
      "16": 135,
      "17": 144,
      "18": 153,
      "19": 162,
      "20": 168,
      "21": 177,
      "22": 185,
      "23": 194,
      "24": 203,
      "25": 212
    }
  }
}
