{
  "multimodal_occupancy": {
    "taxi": {
      "1": 0.0,
      "2": 0.0025,
      "3": 0.008,
      "4": 0.022333333333333334,
      "5": 0.04516666666666667,
      "6": 0.059166666666666666,
      "7": 0.07683333333333334,
      "8": 0.1035,
      "9": 0.11633333333333333,
      "10": 0.14783333333333334,
      "11": 0.16766666666666666,
      "12": 0.17533333333333334,
      "13": 0.17966666666666667,
      "14": 0.19383333333333333,
      "15": 0.22,
      "16": 0.22666666666666666,
      "17": 0.24083333333333334,
      "18": 0.2673333333333333,
      "19": 0.2778333333333333,
      "20": 0.28783333333333333,
      "21": 0.30383333333333334,
      "22": 0.325,
      "23": 0.336,
      "24": 0.34206896551724136,
      "25": 0.23448275862068965
    },
    "bus": {
      "1": 1,
      "2": 1,
      "3": 1,
      "4": 1,
      "5": 1,
      "6": 1,
      "7": 1,
      "8": 1,
      "9": 1,
      "10": 1,
      "11": 1,
      "12": 1,
      "13": 1,
      "14": 1,
      "15": 1,
      "16": 1,
      "17": 1,
      "18": 1,
      "19": 1,
      "20": 1,
      "21": 1,
      "22": 1,
      "23": 1,
      "24": 1,
      "25": 1
    },
    "metro": {
      "1": 1,
      "2": 1,
      "3": 1,
      "4": 1,
      "5": 1,
      "6": 1,
      "7": 1,
      "8": 1,
      "9": 1,
      "10": 1,
      "11": 1,
      "12": 1,
      "13": 1,
      "14": 1,
      "15": 1,
      "16": 1,
      "17": 1,
      "18": 1,
      "19": 1,
      "20": 1,
      "21": 1,
      "22": 1,
      "23": 1,
      "24": 1,
      "25": 1
    }
  },
  "passenger_mode_choice": {
    "taxi": {
      "1": 27489,
      "2": 26976,
      "3": 27559,
      "4": 26960,
      "5": 27053,
      "6": 26785,
      "7": 26649,
      "8": 26731,
      "9": 26935,
      "10": 27064,
      "11": 27269,
      "12": 26824,
      "13": 26884,
      "14": 26660,
      "15": 27008,
      "16": 27111,
      "17": 27001,
      "18": 26900,
      "19": 26728,
      "20": 26782,
      "21": 27057,
      "22": 26844,
      "23": 26657,
      "24": 26118,
      "25": 21014
    },
    "bus": {
      "1": 6200,
      "2": 6000,
      "3": 6000,
      "4": 6000,
      "5": 6000,
      "6": 6000,
      "7": 6000,
      "8": 6000,
      "9": 6000,
      "10": 6000,
      "11": 6000,
      "12": 6000,
      "13": 6000,
      "14": 6000,
      "15": 6000,
      "16": 6000,
      "17": 6000,
      "18": 6000,
      "19": 6000,
      "20": 6000,
      "21": 6000,
      "22": 6000,
      "23": 6000,
      "24": 5800,
      "25": 2900
    },
    "metro": {
      "1": 22,
      "2": 15,
      "3": 12,
      "4": 18,
      "5": 14,
      "6": 18,
      "7": 16,
      "8": 15,
      "9": 14,
      "10": 13,
      "11": 20,
      "12": 11,
      "13": 12,
      "14": 16,
      "15": 13,
      "16": 18,
      "17": 13,
      "18": 11,
      "19": 14,
      "20": 16,
      "21": 14,
      "22": 15,
      "23": 13,
      "24": 11,
      "25": 11
    },
    "private_car": {
      "1": 7,
      "2": 9,
      "3": 3,
      "4": 5,
      "5": 6,
      "6": 4,
      "7": 3,
      "8": 6,
      "9": 2,
      "10": 3,
      "11": 4,
      "12": 7,
      "13": 6,
      "14": 9,
      "15": 8,
      "16": 8,
      "17": 8,
      "18": 8,
      "19": 8,
      "20": 7,
      "21": 7,
      "22": 7,
      "23": 4,
      "24": 6,
      "25": 2
    }
  },
  "transit_station_crowdedness": {
    "metro": {
      "1": 63,
      "2": 124,
      "3": 184,
      "4": 245,
      "5": 305,
      "6": 365,
      "7": 424,
      "8": 484,
      "9": 542,
      "10": 601,
      "11": 660,
      "12": 718,
      "13": 776,
      "14": 834,
      "15": 892,
      "16": 950,
      "17": 1007,
      "18": 1065,
      "19": 1122,
      "20": 1180,
      "21": 1237,
      "22": 1295,
      "23": 1352,
      "24": 1408,
      "25": 671
    },
    "bus": {
      "1": 13,
      "2": 25,
      "3": 37,
      "4": 50,
      "5": 62,
      "6": 69,
      "7": 81,
      "8": 93,
      "9": 104,
      "10": 116,
      "11": 128,
      "12": 140,
      "13": 147,
      "14": 158,
      "15": 169,
      "16": 181,
      "17": 192,
      "18": 204,
      "19": 210,
      "20": 221,
      "21": 232,
      "22": 243,
      "23": 255,
      "24": 265,
      "25": 212
    }
  },
  "emissions": {
    "NO2": {
      "private_car": {
        "1": 11.898,
        "2": 37.280499999999996,
        "3": 62.76950000000001,
        "4": 122.48330000000007,
        "5": 119.17820000000005,
        "6": 221.09460000000013,
        "7": 188.69450000000012,
        "8": 330.6043000000001,
        "9": 255.86900000000014,
        "10": 379.9246999999997,
        "11": 283.33949999999993,
        "12": 471.0957999999997,
        "13": 343.5403000000001,
        "14": 549.7501999999998,
        "15": 408.0831999999998,
        "16": 673.3759000000001,
        "17": 492.6215999999994,
        "18": 798.4536000000005,
        "19": 534.8570999999995,
        "20": 855.1179000000008,
        "21": 588.6336999999994,
        "22": 1007.4345000000011,
        "23": 689.4480999999997,
        "24": 1094.2504000000013
      },
      "bus": {
        "1": 0.0,
        "2": 0.0,
        "3": 0.0,
        "4": 0.0,
        "5": 0.0,
        "6": 0.0,
        "7": 1645.1181999999956,
        "8": 1167.5497000000087,
        "9": 736.9294000000045,
        "10": 1116.2439000000088,
        "11": 838.7062000000061,
        "12": 1321.8377000000107,
        "13": 2199.1978999999965,
        "14": 2320.8274000000197,
        "15": 1636.6393000000126,
        "16": 2416.686700000021,
        "17": 1723.192700000014,
        "18": 2590.0654000000222,
        "19": 2899.5090999999984,
        "20": 3476.17120000003,
        "21": 2393.3367000000194,
        "22": 3685.8956000000276,
        "23": 2370.2045000000176,
        "24": 3819.0834000000273
      },
      "taxi": {
        "1": 43.80000000000013,
        "2": 60.024599999999936,
        "3": 39.98109999999994,
        "4": 61.81589999999993,
        "5": 42.097299999999976,
        "6": 59.49089999999991,
        "7": 40.65159999999993,
        "8": 63.56619999999983,
        "9": 45.55569999999996,
        "10": 68.55089999999974,
        "11": 46.99269999999996,
        "12": 72.91409999999975,
        "13": 47.49159999999988,
        "14": 68.9064999999998,
        "15": 47.62169999999989,
        "16": 70.53389999999969,
        "17": 48.51249999999986,
        "18": 80.00369999999968,
        "19": 53.48409999999988,
        "20": 74.2375999999997,
        "21": 48.79439999999994,
        "22": 72.53019999999977,
        "23": 47.496299999999934,
        "24": 70.71989999999973
      }
    },
    "NOx": {
      "private_car": {
        "1": 237.91199999999998,
        "2": 745.4541999999999,
        "3": 1255.1621999999995,
        "4": 2449.2924,
        "5": 2383.2561,
        "6": 4421.428599999998,
        "7": 3773.6199999999985,
        "8": 6612.071799999994,
        "9": 5117.554899999998,
        "10": 7598.260899999993,
        "11": 5666.745099999997,
        "12": 9421.972999999994,
        "13": 6870.668699999995,
        "14": 10994.660800000001,
        "15": 8161.028499999997,
        "16": 13466.801800000008,
        "17": 9851.532800000003,
        "18": 15968.200300000015,
        "19": 10696.604499999998,
        "20": 17101.26570000001,
        "21": 11771.957000000006,
        "22": 20147.47300000004,
        "23": 13788.237500000023,
        "24": 21884.083400000032
      },
      "bus": {
        "1": 0.0,
        "2": 0.0,
        "3": 0.0,
        "4": 0.0,
        "5": 0.0,
        "6": 0.0,
        "7": 52773.61309999978,
        "8": 37137.39300000002,
        "9": 23410.557700000023,
        "10": 35454.06410000005,
        "11": 26652.51780000007,
        "12": 42004.36089999988,
        "13": 70275.00009999958,
        "14": 73823.52119999958,
        "15": 52068.49959999965,
        "16": 76827.28189999952,
        "17": 54826.17159999944,
        "18": 82391.03909999979,
        "19": 92528.15369999959,